{"mean": [[[-2.229143532093049e-05, 0.0065512610704561835, 0.007653622106977483, -0.0003786184226789546, 1.000910266782822, 0.49537434295446353, 0.0, 0.5, 1.0018190438559111, 0.004343710403700029, 0.9446102047242787]]], "std": [[[0.006558882659396598, 0.0031722636555607886, 0.005596115387376568, 0.006651855322210657, 0.008463751651382192, 0.009194234312632894, 1e-08, 1e-08, 0.009213841425304944, 7.636490466477131e-05, 0.29864270278242]]]}